ID,Case Model,Width (inches),Depth (inches),Bolea Square Footage,Square Footage with Space in Warehouse,Case Size,AltDescription,Square Footage,Rounded Square Footage
1,O25UM6,75,48,24,25,6',Multi-Deck Merchandiser (Deli/Dairy/Meat/Produce/Seafood),25,25
2,O25UM8,99,48,32,33,8',Multi-Deck Merchandiser (Deli/Dairy/Meat/Produce/Seafood),33,33
3,O25UMA6,75,48,24,25,6',,25,25
4,O2DMZD12,148,48,,50,12',Multi-Deck Merchandiser (Frozen Food),49.33,49
5,O2DMZD6,76,48,,26,6',Multi-Deck Merchandiser (Frozen Food),25.33,25
6,O2DMZD8,99,48,,36,8',Multi-Deck Merchandiser (Frozen Food),33,33
7,O325EM1,90,48,30,30,8',Multideck end cap,30,30
8,O325EM7,99,48,32,33,7',7' multi-deck merchandiser,33,33
9,O325UM12,148,48,48,50,12',Multi-Deck Merchandiser (Deli/Dairy/Meat/Produce),49.33,49
10,O325UM4,51,48,16,17,4',Multi-Deck Merchandiser (Deli/Dairy/Meat/Produce),17,17
11,O325UM6,75,48,24,25,6',Multi-Deck Merchandiser (Deli/Dairy/Meat/Produce),25,25
12,O325UM8,99,48,32,33,8',Multi-Deck Merchandiser (Deli/Dairy/Meat/Produce),33,33
13,O35EM7,99,48,,35,,,33,33
14,O35UM10,144,48,,50,,,48,48
15,O35UM12,148,48,,50,12',Narrow Multi-Deck Merchandiser,49.33,49
16,O35UM4,51,48,16,17,4',,17,17
17,O35UM6,75,48,,25,,,25,25
18,o35um7,99,48,,36,,,33,33
19,O35UM8,99,48,,36,8',Narrow Multi-Deck Merchandiser (dairy/deli/produce),33,33
20,O35UM90,99,48,,36,,90 Degree Case - usually ships attached to a case,33,33
21,O35UM90OS,99,48,,36,,,33,33
22,O35UM-90OS,99,48,,36,,,33,33
23,O35UM-W90D,99,48,,36,,,33,33
24,O3EM1,90,48,30,30,,,30,30
25,O3UM10,144,48,,50,,,48,48
26,O3UM12,148,48,,50,12',Seafood case,49.33,49
27,O3UM12DX,148,48,,50,12',,49.33,49
28,O3UM4,48,48,,20,,,16,16
29,O3UM45,75,48,24,25,,45 Degree Case - usually ships attached to a case,25,25
30,O3UM6,75,48,,30,6',Fresh Meat Island,25,25
31,O3UM6DX,75,48,,30,6',,25,25
32,O3UM8,100,48,,36,8',Fresh Meat Island,33.33,33
33,O3UM8DX,100,48,,36,8',,33.33,33
34,O3UM90,99,48,,36,,90 Degree Case - usually ships attached to a case,33,33
35,O3UM90OS,99,48,,36,,,33,33
36,O4EM1,76,48,,30,,,25.33,25
37,O4em7,76,48,,30,,,25.33,25
38,O4UM12,148,48,,50,,,49.33,49
39,O4UM6,76,48,,30,,,25.33,25
40,O4UM8,99,48,,36,8',Multi-Deck Merchandiser (Dairy/Deli/Produce),33,33
41,O5dm10,130,48,,45,,,43.33,43
42,O5DM12,148,48,48,50,12',Multi-Deck Merchandiser (Beverage/Dairy/Deli/Produce),49.33,49
43,O5DM4,51,48,16,17,4',Multi-Deck Merchandiser (Beverage/Dairy/Deli/Produce),17,17
44,O5DM6,75,48,24,25,6',Multi-Deck Merchandiser (Beverage/Dairy/Deli/Produce),25,25
45,O5DM8,99,48,32,33,8',Multi-Deck Merchandiser (Beverage/Dairy/Deli/Produce),33,33
46,O5DMA4,50,48,,25,,,16.66,17
47,O5DMA6,78,48,,30,,,26,26
48,O5DMA8,100,48,,35,,,33.33,33
49,O5DMH12,148,48,48,50,12',Multi-Deck Merchandiser (Beverage/Dairy/Deli/Produce),49.33,49
50,O5DMH8,99,48,32,33,8',Multi-Deck Merchandiser (Beverage/Dairy/Deli/Produce),33,33
51,O5DMHX8,99,48,,35,,,33,33
52,O5M8,100,48,,40,,,33.33,33
53,O5UM8,99,48,36,36,8',,33,33
54,O5Z6,190,48,70,70,,6 DOOR CASE,63.33,63
55,OB-4R,80,80,,45,4',Specialty Case,44.44,44
56,OB-4R-Fortinos-7580-CBOM,75,75,,45,,,39.06,39
57,OB-6R,110,80,,65,6',Specialty Case,61.11,61
58,OB-6R Produce,105,75,,55,,,54.68,55
59,OB-6R-Fortinos-7580-CBOM,105,75,,60,,,54.68,55
60,OC10,148,48,55,55,,,49.33,49
61,OC12,148,48,55,55,,,49.33,49
62,OC8,100,48,36,36,,,33.33,33
63,OC-90OS,148,48,55,55,,,49.33,49
64,OHM12,148,43,48,48,12',High Multi-Deck Merchandiser (Deli/Meat),44.19,44
65,OHM6,75,48,30,30,,,25,25
66,OHM8,99,43,32,32,8',High Multi-Deck Merchandiser (Deli/Meat),29.56,30
67,OHMH12,148,43,48,48,12',High Multi-Deck Merchandiser (Deli/Meat),44.19,44
68,OHMH4,51,43,16,16,4',High Multi-Deck Merchandiser (Deli/Meat),15.22,15
69,OHMH6,75,43,24,24,6',High Multi-Deck Merchandiser (Deli/Meat),22.39,22
70,OHMH8,99,43,32,32,8',High Multi-Deck Merchandiser (Deli/Meat),29.56,30
71,OHP12,148,48,55,55,12',12' Produce case,49.33,49
72,OHP4,51,48,,20,,,17,17
73,OHP6,75,78,,45,,,40.62,41
74,OHP8,99,43,32,32,8',8' Produce Case,29.56,30
75,OHPH12,148,48,55,55,,,49.33,49
76,OHPH4,51,48,20,20,,,17,17
77,OHPH6,75,48,25,25,,,25,25
78,OHPH-M4,55,48,20,20,,,18.33,18
79,OIZ12,150,60,,65,,,62.5,62
80,OMZD12,150,48,,50,,,50,50
81,OMZD6,75,48,,25,,,25,25
82,ON25UM8,100,48,,35,,,33.33,33
83,ON2UM12,148,46,48,48,12',Narrow Multi-Deck Merchandiser (dairy/deli/meat/produce/seafood),47.27,47
84,ON2UM4,51,46,16,17,4',Narrow Multi-Deck Merchandiser (dairy/deli/meat/produce/seafood),16.29,16
85,ON2UM6,75,38,24,24,6',Narrow Multi-Deck Merchandiser (dairy/deli/meat/produce/seafood),19.79,20
86,ON2UM8,99,38,32,27,8',Narrow Multi-Deck Merchandiser (dairy/deli/meat/produce/seafood),26.12,26
87,ON35EM1,74,36,,25,6',Narrow Multi Deck End Cap Merchandiser,18.5,18
88,ON35EM6,75,48,,25,6',End Cap,25,25
89,ON35EM8,96,36,,25,8',,24,24
90,ON35UM12,148,48,50,50,12',Narrow Multi-Deck Merchandiser (dairy/deli/produce),49.33,49
91,ON35UM6,78,48,,26,6',Narrow Multi-Deck Merchandiser (dairy/deli/produce),26,26
92,ON35UM8,96,36,,25,8',Narrow Multi-Deck Merchandiser (dairy/deli/produce),24,24
93,ON3UM6,78,48,,35,,,26,26
94,ON3UM8,100,48,40,40,,,33.33,33
95,ON4EM,76,48,30,30,,End Bunk,25.33,25
96,ON4EM6,74,36,,22,,,18.5,18
97,ON4UM12,148,48,55,55,,12' Island,49.33,49
98,ON5DM12,148,36,48,48,12',Narrow Multi-Deck Merchandiser (dairy/deli/produce),37,37
99,ON5DM4,51,36,16,16,4',Narrow Multi-Deck Merchandiser (dairy/deli/produce),12.75,13
100,ON5DM6,75,36,24,24,6',Narrow Multi-Deck Merchandiser (dairy/deli/produce),18.75,19
101,ON5DM8,99,36,32,32,8',Narrow Multi-Deck Merchandiser (dairy/deli/produce),24.75,25
102,ON5DMH12,150,48,,55,,,50,50
103,ON5DMH4,52,48,,20,,,17.33,17
104,ON5DMH6,78,48,,30,,,26,26
105,ON5DMH8,100,48,,36,,,33.33,33
106,ON5DMX12,148,36,48,48,12',Narrow Multi-Deck Merchandiser (dairy/deli/produce),37,37
107,ON5DMX4,52,48,,25,,,17.33,17
108,ON5DMX6,78,48,,30,,,26,26
109,ON5DMX8,100,48,36,36,,,33.33,33
110,ONHMH12,148,48,,55,,,49.33,49
111,ONHMH4,52,48,,20,,,17.33,17
112,ONHMH6,76,48,,30,,,25.33,25
113,ONHMH8,100,48,,36,,,33.33,33
114,ONIZGG12,150,48,50,50,,,50,50
115,ONIZGG8,102,48,,36,8',8' frozen food case,34,34
116,ONRB5,155,48,55,55,,,51.66,52
117,ONRZ2,60,48,,22,5',2 door frozen food/ice cream case,20,20
118,ONRZ3,95,48,,32,8',3 door Frozen Food/Ice Cream Case,31.66,32
119,ONRZ4,125,48,,42,10',,41.66,42
120,ONRZ5,150,48,,52,13',5 door frozen food/ice cream case,50,50
121,ONRZ6,184,35,60,60,15.5',,44.72,45
122,ONRZD2,60,48,,22,,,20,20
123,ONRZH3,94,48,,32,8',3 door Frozen Food/Ice Cream Case,31.33,31
124,ONRZH4,124,48,,48,10.5',4 Door Frozen Food/Ice Cream Cast,41.33,41
125,ONRZH5,153,48,,56,13',5 door frozen food/ice cream case,51,51
126,ONRZH6,185,48,,70,16',6 door merchandiser,61.66,62
127,ONRZHPV2,64,48,,25,,,21.33,21
128,ONRZHPV3,95,48,,35,,,31.66,32
129,ONRZHPV4,125,48,,45,,,41.66,42
130,ONRZHPV5,155,48,,55,,,51.66,52
131,ONRZHPV6,185,48,,65,,,61.66,62
132,ONRZPV2,64,35,20,20,5.5',2 door narrow reach in,15.55,16
133,ONRZPV3,94,35,30,30,8',3 door narrow reach in,22.84,23
134,ONRZPV4,124,35,40,40,10.5',4 door narrow reach in,30.13,30
135,ONRZPV5,154,35,50,50,13',5 door narrow reach in,37.43,37
136,ONRZPV6,184,35,60,60,15.5',6 door narrow reach in,44.72,45
137,orb12,148,48,,50,,,49.33,49
138,ORB5,155,48,,55,,,51.66,52
139,ORB8,99,48,,33,,,33,33
140,ORBH12,180,42,,55,,,52.5,52
141,ORBH4,60,42,,20,,,17.5,18
142,ORBH6,90,42,,30,,,26.25,26
143,ORBH8,120,42,,35,,,35,35
144,ORDM12,148,48,55,55,,,49.33,49
145,ORDR10412,148,48,,55,12',dairy,49.33,49
146,ORDR1048,100,48,,36,8',dairy,33.33,33
147,ORDR12,150,48,,55,12',12' Roll-In Rear-Load Multi-Deck Merchandiser,50,50
148,ORDR8,100,48,,40,8',8' Roll-In Rear-Load Multi-Deck Merchandiser,33.33,33
149,ORZ2,64,48,25,25,,2 door case,21.33,21
150,ORZ3,96,48,35,35,,3 door case,32,32
151,ORZ4,125,48,45,45,,4 door case,41.66,42
152,ORZ4DX,125,48,45,45,,,41.66,42
153,ORZ5,160,48,60,60,,5 door case,53.33,53
154,ORZ5DX,155,48,60,60,,,51.66,52
155,ORZ6,190,48,70,70,,6 door case,63.33,63
156,ORZH2,94,48,,32,,,31.33,31
157,ORZH3,94,48,,32,,,31.33,31
158,ORZH4,124,48,45,45,,,41.33,41
159,ORZH5,160,48,,60,,,53.33,53
160,ORZH5D,160,48,60,60,,,53.33,53
161,ORZH6,185,48,65,65,,,61.66,62
162,ORZPV2,64,48,22,22,5.5',2 door Reach In Merchandiser,21.33,21
163,ORZPV2D,64,48,22,22,,,21.33,21
164,ORZPV3,94,48,32,32,8',3 door Reach In Merchandiser,31.33,31
165,ORZPV4,124,48,42,42,10.5',4 door Reach In Merchandiser,41.33,41
166,ORZPV5,154,48,52,52,13',5 door Reach In Merchandiser,51.33,51
167,ORZPV6,184,48,62,62,15.5',6 door Reach In Merchandiser,61.33,61
168,OUM12,146,48,55,55,12',multi deck merchandiser,48.66,49
169,OUM4,50,48,20,20,4',multi deck merchandiser,16.66,17
170,OUM6,74,48,30,30,6',multi deck merchandiser,24.66,25
171,OUM8,98,48,35,35,8',multi deck merchandiser,32.66,33
172,OWAZ8,98,55,40,40,,8' frozen food case,37.43,37
173,OWEZV,90,48,30,30,7',End Cap,30,30
174,OWEZV1,90,48,30,30,7',End Cap,30,30
175,OWIZV10,140,83,88,88,10',Wide Island (Frozen Food/Ice Cream),80.69,81
176,OWIZV12,160,83,104,104,12',Wide Island (Frozen Food/Ice Cream),92.22,92
177,OWIZV6,100,83,56,57,6',Wide Island (Frozen Food/Ice Cream),57.63,58
178,OWIZV8,112,83,72,72,8',Wide Island (Frozen Food/Ice Cream),64.55,65
179,OWZGG8,96,90,,65,,,60,60
180,Parts Case,58,58,30,30,,,23.36,23
181,Parts-Case,56,50,25,25,,,19.44,19
182,PF-10H,130,50,,50,10',Specialty Case,45.13,45
183,PF-10H-54,130,60,,65,,Specialty Case,54.16,54
184,PF-10R-54-CBOM,130,50,,50,10',,45.13,45
185,PF12R(54),152,50,,55,12',Specialty Case,52.77,53
186,PF-12R-51-CBOM,152,50,55,55,,,52.77,53
187,PF-12R-54,152,50,,55,,Specialty Case,52.77,53
188,PF-12R-7-51-IC-CBOM,152,50,,55,,,52.77,53
189,PF-4H,56,55,,25,,,21.38,21
190,PF-4H-51-CBOM,56,50,25,25,,Specialty Case,19.44,19
191,PF-4H-54-CBOM,56,55,,25,,,21.38,21
192,PF-4H-72-CBOM,56,50,,25,,,19.44,19
193,PF-4HC-51-CBOM,56,50,,25,,,19.44,19
194,PF-4HC-54-CBOM,56,50,,25,,,19.44,19
195,PF-4HC-72-CBOM,56,50,,25,,,19.44,19
196,PF-4R-51-CBOM,56,52,,25,,,20.22,20
197,PF-4R-51-EC-CBOM,56,50,,25,,,19.44,19
198,PF-6H,82,49,,30,6',Specialty Case,27.9,28
199,PF-6H-51-CBOM,96,50,40,40,,,33.33,33
200,PF-6H-54-CBOM,96,50,40,40,,,33.33,33
201,PF-6H-60 Hot Chicken,84,43,,30,,,25.08,25
202,PF-6H-60-Fortinos-7580-CBOM,84,40,,30,,,23.33,23
203,PF-6HC-51-CBOM,80,50,,30,,,27.77,28
204,PF-6HC-54-CBOM,80,42,,25,,,23.33,23
205,PF-6R-51-EC-CBOM,84,50,,35,,,29.16,29
206,PF-7H-48-CBOM,90,43,,30,,,26.87,27
207,PF-7H-51-CBOM,96,50,36,36,,,33.33,33
208,PF-7R-51-CBOM,96,50,36,36,,,33.33,33
209,PF-7R-51-EC-CBOM,90,50,,35,,,31.25,31
210,PF-8H-51-CBOM,105,48,40,40,,,35,35
211,PF-8H-54-CBOM,105,50,40,40,,,36.45,36
212,PF-8R-51-CBOM,105,48,40,40,,,35,35
213,PF-8R-54-CBOM,148,48,,50,,,49.33,49
214,PFI-406R-51-IC-CBOM,84,75,,50,,,43.75,44
215,PFI-408R-51-IC-CBOM,105,65,,50,,,47.39,47
216,PFI-519R-54-CBOM,230,75,,130,,,119.79,120
217,PFI-608R-51-IC-CBOM,105,75,,60,,,54.68,55
218,PFI-612R-51-IC-CBOM,152,75,,85,,,79.16,79
219,PT-10R-RRS-34.5-CBOM,130,66,65,65,,,59.58,60
220,PT-12R,152,66,,75,,,69.66,70
221,PT-12R-DRS-34.5-Cafe-7580-CBOM,152,56,65,65,,Specialty Case,59.11,59
222,PT-12R-DRS-34.5-CBOM,152,56,65,65,,,59.11,59
223,PT-12R-RRS-34.5-CBOM,152,66,,75,,,69.66,70
224,PT-12S-51-CBOM,158,48,,55,,,52.66,53
225,PT-12S-52-7580-CBOM,152,50,55,55,,,52.77,53
226,PT-1OR-RRS-34.5-CBOM,152,64,,75,,,67.55,68
227,PT-4R-DRS-34.5-CBOM,56,50,,25,,,19.44,19
228,PT-4R-DRS-CASH,56,56,25,25,,,21.77,22
229,PT-4R-DRS-CashBev-7580-CBOM,56,56,25,25,,,21.77,22
230,PT-4R-RRS-34.5-CBOM,56,56,,25,,,21.77,22
231,PT-5R-DRS-34.5-CBOM,70,50,,30,,,24.3,24
232,PT-6R-DRS-CashBev-7580-CBOM,84,56,36,36,,,32.66,33
233,PT-6R-ODRS-34.5-CBOM,84,56,,40,,,32.66,33
234,PT-6R-RRS,80,66,,40,6',Specialty Case,36.66,37
235,PT-6R-RRS-34 .5-CBOM,84,56,36,40,,,32.66,33
236,PT-6R-RRS-34.5-CBOM,80,66,,40,6',Specialty Case,36.66,37
237,PT-6R-RRS-Sushi-7580-CBOM,84,66,,45,,,38.5,38
238,PT-6R-RRS-Sushi-7673-CBOM,84,66,,45,,,38.5,38
239,PT-6S-51-CBOM,84,48,,30,,,28,28
240,PT-8R-DRS,105,66,,55,8',Specialty Case,48.12,48
241,PT-8R-DRS-34.5-CBOM,105,66,,55,8',Specialty Case,48.12,48
242,PT-8R-ODRS-34.5-CBOM,105,66,,55,,,48.12,48
243,PT-8R-RRS,105,66,,55,8',service/self service refrigerated sushi w/r,48.12,48
244,PT-8R-RRS-34.5-CBOM,105,66,,55,,,48.12,48
245,PT-8R-RRS-39.5-CBOM,105,65,,50,,,47.39,47
246,PT-8R-RRS-Sushi-7580-CBOM,105,66,,55,,,48.12,48
247,PT-8S-51-CBOM,105,48,,35,,,35,35
248,PT-8S-52-7580-CBOM,105,48,40,40,,,35,35
249,PTD-10RGC-Cube-DRS-CBOM,130,60,,55,,,54.16,54
250,PTD-12R,152,56,,75,,,59.11,59
251,PTD-12RGC-SSC,152,64,75,75,,,67.55,68
252,PTD-12RGC-SSC-Cube-DRS-CBOM,152,64,,75,,,67.55,68
253,PTD-12RG-Cube-DRS-CBOM,152,56,,75,,,59.11,59
254,PTD-12RG-DRS-CBOM,152,56,,75,,,59.11,59
255,PTD-4R,56,56,,25,4',Specialty Case,21.77,22
256,PTD-5R-DRS-CBOM,84,56,,35,,,32.66,33
257,PTD-6H-Cube-DRS-CBOM,80,60,,40,,,33.33,33
258,PTD-6R,84,60,,40,6',Specialty Case,35,35
259,PTD-6R-DLS,84,60,,45,8',service/self service refrigerated sandwich,35,35
260,PTD-6R-DRS,84,56,35,35,,,32.66,33
261,PTD-6R-ODRS-Pizza-7580-CBOM,84,56,35,35,,,32.66,33
262,PTD-8H-CUBE-DRS,105,56,,48,,,40.83,41
263,PTD-8H-Cube-DRS-CBOM,105,70,,55,,,51.04,51
264,PTD-8R,105,56,45,45,,,40.83,41
265,PTD-8R-Cube-RRS-CBOM,105,50,,40,,,36.45,36
266,PTD-8R-DRS,105,60,48,48,,,43.75,44
267,PTD-8R-DRS-CBOM,105,66,,48,,,48.12,48
268,PTD-8RGC-SSC-Cube-DRS-CBOM,105,60,,55,,,43.75,44
269,PTD-8RG-Cube-DRS-CBOM,105,60,48,48,,,43.75,44
270,PTD-8RGG-SCC-Cube-DRS-CBOM,105,56,,48,,,40.83,41
271,PTD-8R-ODRS-CBOM,105,66,,48,8',Specialty Case,48.12,48
272,PTD-8R-ODRS-Pizza-7580-CBOM,105,56,45,48,,,40.83,41
273,PTD-GSD-6R,84,60,,40,,Specialty Case,35,35
274,PTD-GSD-8R-CBOM,105,70,,55,,,51.04,51
275,PTD-GSD-8R-ODRS-CBOM,105,50,,40,,,36.45,36
276,Q47-24TM,56,32,15,15,,,12.44,12
277,Q-47S-24-TM-CBO,56,32,,25,,,12.44,12
278,Q-47S-24-TM-CBOM,56,32,25,25,,,12.44,12
279,Q-95S-24-TM-CBOM,150,30,35,35,,,31.25,31
280,QC-12R-24 HMR,152,40,,45,,,42.22,42
281,QC-12R-24-CBOM,152,36,,40,,,38,38
282,QC-12R-30,152,36,,40,,,38,38
283,QC-12R-30-CBOM,152,36,,40,,,38,38
284,QC-12R-35-Fortinos-7580-CBOM,152,40,45,45,,,42.22,42
285,QC-144-35R-7580,152,50,,55,,,52.77,53
286,QC-144R,152,50,,55,,Specialty Case,52.77,53
287,QC-4R-24-CBOM,56,30,,20,,,11.66,12
288,QC-4R-30-CBOM,53,43,,20,,,15.82,16
289,QC-4R-35-CBOM,53,43,,20,,,15.82,16
290,QC72-24R,82,32,22,22,,Specialty Case,18.22,18
291,QC72-30R,80,36,,20,,Specialty Case,20,20
292,QC-8R-24-CBOM,105,36,,28,,,26.25,26
293,QC-8R-30-CBOM,105,40,35,35,,,29.16,29
294,QC-96R,105,41,,30,,Specialty Case,29.89,30
295,RDAL-N5-6,85,39,,25,,,23.02,23
296,RDAL-N5-8,106,39,,30,,,28.7,29
297,RL-1,35,44,,15,,,10.69,11
298,RL-2,62,44,,25,,,18.94,19
299,RL-3,92,44,,35,,,28.11,28
300,RL-4,122,44,,45,,,37.27,37
301,RL-5,153,44,,50,,,46.75,47
302,RLN-5,153,44,,50,,,46.75,47
303,RMN2A,82,48,,30,,,27.33,27
304,Roll IN 06I,79,48,,30,,,26.33,26
305,Roll In 08I,105,48,,40,,,35,35
306,Roll-IN 08I,105,48,,40,,,35,35
307,Roll-IN 12I,160,48,,55,,,53.33,53
308,ROLL-IN  08I,105,48,,40,,,35,35
309,S2SB-12R-CBOM,152,50,60,60,,,52.77,53
310,S2SB-6R-CBOM,80,50,35,35,,,27.77,28
311,S2SB-8R-CBOM,105,50,45,45,,,36.45,36
312,S2SGC-12,152,56,,65,,,59.11,59
313,S2SGC-12R-CBOM,152,60,,65,,,63.33,63
314,S2SGC-12R-SSC-CBOM,152,56,,65,,,59.11,59
315,S2SGC-8R-CBOM,105,50,,40,,,36.45,36
316,S2SGC-8R-SSC-CBOM,105,60,,55,,,43.75,44
317,Sashimi 8,107,62,,50,,,46.06,46
318,SB-10R-CBOM,13,50,,15,,,4.51,5
319,SB-206D,84,36,,25,,Specialty Case,21,21
320,SB-306,84,48,30,30,,,28,28
321,SB-306D-OliveBar-,84,48,,30,,,28,28
322,SB-306R,84,48,,30,,Specialty Case,28,28
323,1 skid 145x30x15,145,30,,31,,,30.2,30
324,1 skid 183x4x4,183,4,,6,,,5.08,5
325,1 skid 73x33x73,73,33,,17,,,16.72,17
326,1 skid 74x40x68,74,40,,21,,,20.55,21
327,1 skid 97x31x53,97,31,,21,,,20.88,21
328,1 skid 97x33x73,97,33,,23,,,22.22,22
329,1 skid parts,48,48,20,20,,,16,16
330,2RVCC30,65,48,25,25,,Zero Zone Doors,21.66,22
331,2RVZC30,65,48,25,25,,Zero Zone Doors,21.66,22
332,3RVCC30,95,48,35,35,,Zero Zone Doors,31.66,32
333,3RVEC30,95,48,35,35,,Zero Zone 3 Door Case,31.66,32
334,3RVZC30,95,48,35,35,,Zero Zone Doors,31.66,32
335,4RVCC30,125,48,45,45,,Zero Zone Doors,41.66,42
336,4RVZC30,123,48,45,45,,Zero Zone 4 Door Case,41,41
337,5DMLH12,148,48,,55,,,49.33,49
338,5DMLH4,54,48,,20,,,18,18
339,5DMLH6,76,48,,30,,,25.33,25
340,5DMLH8,100,48,,38,,,33.33,33
341,5RVCC30,155,48,55,55,,Zero Zone Doors,51.66,52
342,5RVZC30,155,48,55,55,,Zero Zone 5 Door Case,51.66,52
343,6DMLH12,150,48,,55,,,50,50
344,6DMLH4,52,48,,25,,,17.33,17
345,6DMLH6,100,48,,38,,,33.33,33
346,6DMLH8,100,48,38,38,,8' High Multi-Deck Merchandiser,33.33,33
347,8TD-6R,105,66,,55,,,48.12,48
348,AGB-5R-7580-CBOM,186,114,150,150,,,147.25,147
349,AGB-5R-CBOM,171,118,,145,,,140.12,140
350,BLF-144CR-DRS-CBOM,152,50,55,55,,,52.77,53
351,BLF-144SR Self Service Bakery,152,43,,50,,,45.38,45
352,BLF-144SR-CBOM,152,50,,55,,,52.77,53
353,BLF-48R,56,50,,25,4',service bakery,19.44,19
354,BLF-48R *Box,52,48,,25,4',service bakery box parts,17.33,17
355,BLF-77CR-DRS-CBOM,84,56,,40,,,32.66,33
356,BLF-96CR,105,50,,40,96°,Specialty Case,36.45,36
357,BLF-96CR-DRS-CBOM,105,50,45,45,,,36.45,36
358,BMD-10R MIT R Service Bakery,130,70,,68,,,63.19,63
359,BMD-10R Service Bakery,130,70,,68,,,63.19,63
360,BMD-10R-54-Bakery-MIT-CBOM,130,70,,68,,,63.19,63
361,BMD-12R,152,50,,55,12',Specialty Case,52.77,53
362,BMD-12R-51-Bakery-CBOM,152,50,,55,,,52.77,53
363,BMD-12R-54-Bakery-MIT-CBOM,152,50,,55,12',,52.77,53
364,BMD-4R MIT L/R Service Bakery,96,50,,35,,,33.33,33
365,BMD-4R-54-Bakery-CBOM,96,50,,35,,,33.33,33
366,BMD-4R-54-Bakery-MIT-CBOM,66,50,,30,,,22.91,23
367,BMD-4R-54-BK-MIT-Fort7580-CBOM,66,50,,30,,,22.91,23
368,BMD-6R MIT L Service Bakery,105,50,,45,,,36.45,36
369,BMD-6R MIT L/R Service Bakery,105,50,,45,,,36.45,36
370,BMD-6R MIT R Service Bakery,105,50,,45,,,36.45,36
371,BMD-6R-54-Bakery-CBOM,105,50,,45,,,36.45,36
372,BMD-6R-54-Bakery-MIT-CBOM,105,50,,45,,,36.45,36
373,BMD-6R-54-BK-MIT-Fort7580-CBOM,105,50,,45,,,36.45,36
374,BMD-8R,105,50,,40,8',Specialty Case,36.45,36
375,BMD-8R-51-Bakery-CBOM,105,48,,40,,,35,35
376,BMD-8R-54,105,50,,45,8',service deli,36.45,36
377,BMD-8R-54-Bakery-CBOM,105,48,,40,,,35,35
378,BMD-8R-54-Bakery-MIT-CBOM,125,50,,50,,,43.4,43
379,BNKR1700A7,71,40,,25,,,19.72,20
380,BNKR1700A8,71,40,,25,,,19.72,20
381,BNKR1700A9,71,40,,25,,,19.72,20
382,BNKR1940EA1,81,39,,25,,,21.93,22
383,BNKR1940EA7,81,40,,25,,,22.5,22
384,BNKR1940EA8,81,40,,25,,,22.5,22
385,BNKR1940EA9,81,40,,25,,,22.5,22
386,BNKR2200A1,90,40,,30,,,25,25
387,BNKR2200A7,102,40,,35,,,28.33,28
388,BNKR2200A8,102,40,,35,,,28.33,28
389,BNKR2200A9,102,40,,35,,,28.33,28
390,BNKR2500A7,102,40,,35,,,28.33,28
391,BNKR2500A8,102,40,,35,,,28.33,28
392,BNKR2500A9,102,40,,30,,,28.33,28
393,BOSTON 6 FG VD - BS=085/054 08I,108,54,,45,,,40.5,40
394,"""brema 2 portes h74""""""",65,48,,25,,"""91 1/4"""" high""",21.66,22
395,"""brema 3 portes H67""""""",95,48,,35,,,31.66,32
396,"""brema 3 portes H74""""""",95,48,,35,,,31.66,32
397,"""brema 4 portes h74""""""",125,48,,45,,,41.66,42
398,"""brema 5 portes h67""""""",155,48,,55,,,51.66,52
399,"""brema 5 portes h74""""""",155,48,,55,,,51.66,52
400,BSDSW-10R,130,70,68,68,10',Specialty Case,63.19,63
401,BSDSW-10R Box,66,48,25,25,,accessories for BSDSW-10R,22,22
402,BSDSW-12R,150,49,60,60,,,51.04,51
403,BSD-SW-12R-SEAFOOD,150,50,,60,,,52.08,52
404,BSD-SW-12R-Seafood-7580-CBOM,150,50,55,60,,,52.08,52
405,BSD-SW-6R-CBOM,105,70,,55,,,51.04,51
406,BSDSW-8R,157,118,130,130,,,128.65,129
407,BSD-SW-8R-SEAFOOD-7580,105,70,,55,,,51.04,51
408,BSD-SW-8R-Seafood-7580-CBOM,204,118,,170,,,167.16,167
409,BWU 96D,108,50,,45,,,37.5,38
410,BWU-144D,152,50,55,55,,,52.77,53
411,BWU-59D-CBOM,66,48,,25,,,22,22
412,BWU-96D-7580-CBOM,105,48,40,40,,,35,35
413,CF-4S-CBOM,56,50,,25,,,19.44,19
414,CF-6S,75,48,,30,,,25,25
415,CF-S-8R-CBOM,105,40,,35,,,29.16,29
416,CWC-10D-CBOM,130,50,,50,,,45.13,45
417,CWC-10H,176,60,,80,,Specialty Case,73.33,73
418,CWC-10Hot Counter,130,50,,50,12',Specialty Case,45.13,45
419,CWC-12D-CBOM,152,50,,55,,,52.77,53
420,CWC-12R-RLS,152,66,,75,12',Pizza Counter with Refrigerated Prep,69.66,70
421,CWC-1Dry-Counter,30,50,15,15,,,10.41,10
422,CWC-2D-CBOM,36,36,,20,,,9,9
423,CWC-2Dry-Counter,48,50,20,20,,,16.66,17
424,CWC-2H-CBOM,36,36,20,20,,,9,9
425,CWC-3,40,48,,20,3',,13.33,13
426,CWC-3D-CBOM,40,48,,20,,,13.33,13
427,CWC-3H-CBOM,40,48,,20,,,13.33,13
428,CWC-45°,56,55,,30,45°,exterior dry wedge,21.38,21
429,CWC-45D-IW,50,50,,20,12',Specialty Case,17.36,17
430,CWC-45IW,0,0,,0,,ships with CWC-10,0,0
431,CWC-4D-CBOM,60,49,25,25,,,20.41,20
432,CWC-4DCheeseTable-7580-CBOM,56,56,25,25,,,21.77,22
433,CWC-4D-DLS-CBOM,56,43,20,20,,specialty case,16.72,17
434,CWC-4Dry-Counter,56,56,25,25,,4' Dry Counter,21.77,22
435,CWC-4H-CBOM,56,56,30,30,,Specialty Case,21.77,22
436,CWC-4Hot-Counter,74,60,,35,,,30.83,31
437,CWC-4Ref-Counter,74,60,,35,,,30.83,31
438,CWC-5D-CBOM,105,48,40,40,,,35,35
439,CWC-5Dry-Counter,66,56,30,30,,,25.66,26
440,CWC-5H,105,48,40,40,5',,35,35
441,CWC-5H-CBOM,105,48,,40,,,35,35
442,CWC-6D-CBOM,82,66,,40,,,37.58,38
443,CWC-6H,82,66,,45,6',Carvery with miter left,37.58,38
444,CWC-6H-CarvingStation7580-CBOM,84,50,35,35,,,29.16,29
445,CWC-6H-CBOM,82,66,,40,,,37.58,38
446,CWC-6Hot-Counter,84,48,32,32,,,28,28
447,CWC-6R-CBOM,84,50,,35,,,29.16,29
448,CWC-7D-CBOM,96,56,,40,,,37.33,37
449,CWC-7Dry-Counter,96,56,40,40,,,37.33,37
450,CWC-7H,96,60,,45,7',radius soup counter,40,40
451,CWC-80-CBOM,105,66,,55,,,48.12,48
452,CWC-8D-CBOM,105,50,,40,,,36.45,36
453,CWC-8H,105,66,,55,8',hot foods,48.12,48
454,CWC-8H-CBOM,105,56,45,45,,,40.83,41
455,CWC-8Hot-Counter,144,50,,55,,,50,50
456,cwc-8r-cbom,105,42,,35,,,30.62,31
457,CWC-9Dry-Counter,144,50,,55,,,50,50
458,CWC-Dry-Wedge,50,50,24,24,,,17.36,17
459,db-12R,148,48,55,55,,,49.33,49
460,DB-4R-RLS-CBOM,50,50,,25,,,17.36,17
461,DB-8R-RLS-CBOM,105,50,,45,,,36.45,36
462,DBC-10RLS,130,50,,50,,Specialty Case,45.13,45
463,DLPC-10R-CBOM,130,50,,50,,,45.13,45
464,DLPC-12R,212,66,,98,12',s/w DLPC-90EW,97.16,97
465,DLPC-12R Cheese,212,66,,98,,,97.16,97
466,DLPC-12R-7580-CBOM,200,56,,85,,,77.77,78
467,DLPC-12R-CBOM,212,66,,98,12',s/w DLPC-90EW,97.16,97
468,DLPC-8R,168,66,,80,8',s/w DLPC-90EW,77,77
469,DLPC-8R Cheese,168,66,,80,,,77,77
470,DLPC-8R-7580-CBOM,152,56,,60,,,59.11,59
471,DLPC-8R-CBOM,168,66,,80,8',s/w DLPC-90EW,77,77
472,DLPC-90EW,0,0,,0,,Specialty Case,0,0
473,DLPC-90EWR Cheese,0,0,,0,,,0,0
474,DLPC-90EW-R-7580-CBOM,0,0,,0,,,0,0
475,DLPC-90EW-R-CBOM,0,0,,0,,,0,0
476,DLPF-12R-50-CBOM,152,50,,55,,,52.77,53
477,DLPF-4R,56,50,,25,,,19.44,19
478,DLPF-4R-52-CBOM,56,50,,25,,,19.44,19
479,DLPF-6R Sushi,84,48,,30,,,28,28
480,DLPF-6R-50-CBOM,80,50,32,32,6',Specialty Case,27.77,28
481,DLPF-8R,105,50,,40,,Specialty Case,36.45,36
482,DLPF-8R-50-CBOM,105,50,,40,,,36.45,36
483,FEA-7580,84,56,,40,,,32.66,33
484,FEA-Remote,84,56,,40,,,32.66,33
485,FNGSC6A,77,44,,26,,,23.52,24
486,FNGSC8A,100,44,,35,,,30.55,31
487,FT-12R-CBOM,152,50,,55,,,52.77,53
488,FT-4R-CBOM,60,49,25,25,,floral case 4',20.41,20
489,FT-6R-CBOM,105,50,,40,,,36.45,36
490,FT-84,105,50,40,40,,,36.45,36
491,FT-8R-48-7580-CBOM,105,50,40,40,,,36.45,36
492,FT-8R-CBOM,105,50,40,40,,8' Floral,36.45,36
493,FW-12G,165,86,,100,,,98.54,99
494,FW12GM,165,86,,100,,,98.54,99
495,FW-8,114,86,,70,,,68.08,68
496,FW8GM,114,86,,70,,,68.08,68
497,FWEG,84,48,,30,,,28,28
498,FWG8,144,86,,70,,,86,86
499,GLASGOW2 FG 100/096 F20 08I,100,44,,35,,actual dims 96x42x58 1000lbs,30.55,31
500,GLASGOW2 FV 100/096 F20 08I,100,44,,35,,,30.55,31
501,GMD-10R,130,50,,50,,Specialty Case,45.13,45
502,GMD-10R-CBOM,130,50,50,50,,Specialty Case,45.13,45
503,GMD-10RGC-CBOM,130,60,,55,,,54.16,54
504,GMD-11R-CBOM,135,50,,55,,,46.87,47
505,GMD-12H,152,50,,55,,Specialty Case,52.77,53
506,GMD-12H-7580-CBOM,152,50,55,55,,,52.77,53
507,GMD-12H-CBOM,152,50,,55,,,52.77,53
508,GMD-12H-Fortinos-7580-CBOM,152,50,55,55,,,52.77,53
509,GMD-12R,152,50,,55,,Specialty Case,52.77,53
510,GMD-12R-7580-CBOM,152,50,,55,,Specialty Case,52.77,53
511,GMD-12R-BAKERY,152,50,,55,,,52.77,53
512,GMD-12R-CBOM,152,50,,55,,,52.77,53
513,GMD-12R-Deli-7673-CBOM,152,50,,55,,,52.77,53
514,GMD-12RGC,152,50,,55,,,52.77,53
515,GMD-12RGC-CBOM,152,50,,55,,,52.77,53
516,GMD-12RGC-SSC-7580-CBOM,152,50,55,55,,,52.77,53
517,GMD-3R-MIT-Bakery-7580-CBOM,50,50,,20,,,17.36,17
518,GMD-3R-MIT-CBOM,105,94,,75,,,68.54,69
519,GMD-4D-7580-CBOM,56,50,,25,,,19.44,19
520,GMD-4D-CBOM,56,50,,25,,,19.44,19
521,GMD-4H-7580-CBOM,56,50,,25,,,19.44,19
522,GMD-4R-7580-CBOM,56,50,,25,,,19.44,19
523,GMD-4R-CBOM,56,50,25,25,,,19.44,19
524,GMD-6H,84,50,,30,,Specialty Case,29.16,29
525,GMD-6H-7580-CBOM,84,50,35,35,,6' Service Hot,29.16,29
526,GMD-6R,84,50,,30,,Specialty Case,29.16,29
527,GMD-6R Salads,84,48,,30,,,28,28
528,GMD-6R-7580-CBOM,84,50,,30,,Specialty Case,29.16,29
529,GMD-6R-Bakery-7580-CBOM,80,50,,30,,,27.77,28
530,GMD-6R-CBOM,84,50,,40,,,29.16,29
531,GMD-6R-Fortinos-7580-CBOM,80,48,,30,,,26.66,27
532,GMD-6RGC-SSC-CBOM,85,50,,35,,,29.51,30
533,GMD-7R-CBOM,96,50,35,35,,,33.33,33
534,GMD-8H,105,50,,40,,Specialty Case,36.45,36
535,GMD-8H Service Hot Foods,105,50,,40,,,36.45,36
536,GMD-8H-7580-CBOM,105,50,40,40,,,36.45,36
537,GMD-8H-CBOM,105,50,,40,,,36.45,36
538,GMD-8R,105,50,,40,,Specialty Case,36.45,36
539,GMD-8R Service Salad,105,50,,40,,,36.45,36
540,GMD-8R-7580-Bakery-CBOM,105,50,40,40,,,36.45,36
541,GMD-8R-7580-Deli-CBOM,105,50,,40,,Specialty Case,36.45,36
542,GMD-8R-Bakery-7673-CBOM,105,50,40,40,,,36.45,36
543,GMD-8R-CBOM,105,50,,40,,,36.45,36
544,GMD-8RGC,105,50,40,40,,,36.45,36
545,GMD-8RGC-CBOM,105,50,40,40,,,36.45,36
546,GMD-8RGC-SSC-7580-CBOM,105,50,,40,,,36.45,36
547,GMD-8RGC-SSC-CBOM,105,50,,40,,,36.45,36
548,GMO-1OR-CBOM,152,50,,60,,,52.77,53
549,GSD-4SC-LT,56,50,,25,,,19.44,19
550,GSD-4S-LT-Gelato-7580-CBOM,56,50,25,25,,Specialty Case,19.44,19
551,HS-4R-CBOM,56,56,,25,,,21.77,22
552,HS-4S-CBOM,56,56,,25,,,21.77,22
553,HS-6R-CBOM,84,50,,35,,,29.16,29
554,HS-6S-CBOM,84,56,,35,,,32.66,33
555,HS-8R-CBOM,105,56,,45,,,40.83,41
556,HS-8S-CBOM,105,56,,45,,,40.83,41
557,HSC-12R,152,50,,60,,,52.77,53
558,HSC-12R-CBOM,152,50,,60,,,52.77,53
559,HSC-12S-7580-CBOM,152,42,,60,,,44.33,44
560,HSC-4R-CBOM,56,48,,25,,,18.66,19
561,HSC-6R,80,50,35,35,,,27.77,28
562,HSC-6R-7580,82,52,35,35,,,29.61,30
563,HSC-6R-CBOM,82,52,,35,,,29.61,30
564,HSC-6S-8347-CBOM,84,52,40,40,,,30.33,30
565,HSC-8R,105,50,45,45,,,36.45,36
566,HSC-8R-7580,105,52,40,40,,,37.91,38
567,HSC-8R-CBOM,105,50,45,45,,,36.45,36
568,HSC-8S-7580-CBOM,108,42,,35,,,31.5,32
569,HSC-8S-8347-CBOM,108,42,40,40,,,31.5,32
570,HSCN-12R-7580-CBOM,152,42,,45,,,44.33,44
571,HSCN-12S-7580-CBOM,152,42,50,50,,,44.33,44
572,HSCN-6R-7580-CBOM,82,42,,25,,,23.91,24
573,HSCN-6S-7580-CBOM,84,52,40,40,,,30.33,30
574,HSCN-8R-7580-CBOM,108,42,40,35,,,31.5,32
575,HSCN-8S-7580-CBOM,108,42,,35,,,31.5,32
576,IC2XSL12,148,48,48,50,,,49.33,49
577,IC2XSL8,100,48,,40,,,33.33,33
578,ID5SL12,150,44,,50,,,45.83,46
579,ID5SL4,55,44,,20,,,16.8,17
580,ID5SL6,80,44,,35,,,24.44,24
581,ID5SL8,99,44,,30,,,30.25,30
582,ID5SM12,150,44,,50,,,45.83,46
583,ID5SM6,85,44,,30,,,25.97,26
584,ID5SM8,100,44,,40,,,30.55,31
585,idd5su12,150,44,,50,,,45.83,46
586,idd5su8,75,44,,30,,,22.91,23
587,IDD6NU12,150,44,,50,,,45.83,46
588,IDD6SL12,150,44,,50,,,45.83,46
589,idd6sL4,50,44,,20,,,15.27,15
590,idd6SL6,99,44,,35,,,30.25,30
591,idd6sL8,75,44,,30,,,22.91,23
592,IDD6SU12,150,44,,50,,,45.83,46
593,idd6su4,50,44,,20,,,15.27,15
594,idd6SU6,99,44,,35,,,30.25,30
595,idd6su8,75,44,,30,,,22.91,23
596,IDDS6SU8,100,44,,40,,,30.55,31
597,IDDSU12,150,44,,50,,,45.83,46
598,IDDSU4,50,44,,20,,,15.27,15
599,IDDSU6,80,44,,30,,,24.44,24
600,IDDSU8,100,44,,40,,,30.55,31
601,IM5SL12,150,44,,50,,,45.83,46
602,IM5SL4,50,44,,20,,,15.27,15
603,IM5SL6,80,44,,30,,,24.44,24
604,IM5SL8,99,44,,35,,,30.25,30
605,IP2SL12,150,44,,50,,,45.83,46
606,IP2SL4,50,44,,20,,,15.27,15
607,IP2SL6,80,44,,30,,,24.44,24
608,IP2SL8,99,44,,35,,,30.25,30
609,IP4SL12,150,44,,50,,,45.83,46
610,IP4SL4,55,44,,20,,,16.8,17
611,IP4SL6,75,44,,30,,,22.91,23
612,IP4SL8,100,44,,40,,,30.55,31
613,JNRBHSA2,65,48,,25,,,21.66,22
614,JNRBHSA2D,65,45,25,25,,,20.31,20
615,JNRBHSA3,90,48,,35,,,30,30
616,JNRBHSA4,130,48,,45,,,43.33,43
617,JNRBHSA5,155,48,,55,,,51.66,52
618,JNRBHSAPV2,65,48,,30,,,21.66,22
619,JNRBHSAPV3,90,48,,35,,,30,30
620,JNRBHSAPV4,130,48,,45,,,43.33,43
621,JNRBHSAPV5,155,48,,55,,,51.66,52
622,JNRZH2,65,48,,25,,,21.66,22
623,JNRZH3,95,48,,35,,,31.66,32
624,JNRZH4,125,48,,45,,,41.66,42
625,JNRZH5,150,48,,55,,,50,50
626,JNRZHSA3,90,48,,35,,,30,30
627,JNRZHSA4,130,48,,45,,,43.33,43
628,JNRZHSA5,155,48,,55,,,51.66,52
629,JNRZHSAHR5,155,48,,55,,,51.66,52
630,JNRZHSAPV3,90,48,,35,,,30,30
631,JNRZHSAPV4,130,48,,45,,,43.33,43
632,KB CAR G IN/C3 EX-PN ROLL,88,5,,10,,,3.05,3
633,KFD-4R,56,36,,20,,Specialty Case,14,14
634,KFD-4R-CBOM,56,36,,20,,Specialty Case,14,14
635,KFD-6R,84,36,,25,,Specialty Case,21,21
636,KFD-6R Espresso,84,48,,30,,,28,28
637,KFD-6R Pastries,0,0,,0,,,0,0
638,KFD-6R-CBOM,84,36,,25,,Specialty Case,21,21
639,KFD-6R-Fortinos-7580-CBOM,80,30,,25,,,16.66,17
640,KL4VA15UGDR,48,48,,20,,,16,16
641,KL4VA15UGDR,48,48,,20,,,16,16
642,KLP314DR-S1D-TR7NN,64,22,,15,,,9.77,10
643,KLP418DR-S1D-TR7NN,72,22,,15,,,11,11
644,KLP526DR-S1D-TR7NN,96,22,,20,,,14.66,15
645,KLP632DR-S1D-TR7NN,109,22,,20,,,16.65,17
646,KLV217CA-S1D-X3821,72,32,,20,,,16,16
647,KLV217CA-S1D-X3827,72,32,,20,,,16,16
648,KLV325CG-C1D-X3824,109,32,,30,,,24.22,24
649,KLV325CG-S1D-X3834,96,32,,25,,,21.33,21
650,KLV331CA-S1D-X3835,72,32,,20,,,16,16
651,KLV441CG-S1D-X3836,115,32,,30,,,25.55,26
652,KM2VA15UGDR,48,48,,20,,,16,16
653,KPL422CA-S1D-TR722,72,32,,20,,,16,16
654,Laval 4 G2 Bt-TN 1200MM,60,48,,25,,,20,20
655,Laval 4 G2 BT-TN 1200MM UI Propane,60,48,,25,,,20,20
656,lozier - standard skid,48,48,20,20,,,16,16
657,LSB TB35 105/121 MF 04I...PV03-1 STYLE LSB2,48,44,,20,,actual dims 48x44x56 540lbs,14.66,15
658,LSB TB35 105/121 MF 06I...PV03-1 STYLE LSB2,72,44,,25,,actual dims 72x44x56 625lbs,22,22
659,LSB TB35 105/121 MF 07I...PV03-1 STYLE LSB2,84,44,,30,,actual dims 84x44x56 730lbs,25.66,26
660,LSB TB35 105/121 MF 08I...PV03-1 STYLE LSB2,96,44,,35,,,29.33,29
661,LSB TB35 105/121 MF12I...PV03-1 STYLE LSB2,150,44,,50,,actual dims 144x44x56 980lbs,45.83,46
662,LSB2 T48 105/121 MF 07I...PV03-1,96,48,,35,,"""actual dims 7'6""""L x 48""""W x 56""""h 730lbs""",32,32
663,LSB2 T48 105/121 MF 08I...PV03-1,108,48,,40,,"""actual dims 8'6""""L x 48""""W x 56""""h 850lbs""",36,36
664,LSB2 T48 105/121 MF 12I...PV03-1,155,48,,55,,"""actual dims 12'6""""L x 48""""W x 56""""H 980lbs""",51.66,52
665,MBI-607R-CBOM,105,75,,60,,,54.68,55
666,MBI-607S-CBOM,105,75,,60,,,54.68,55
667,MBI-609D-CBOM,130,65,,60,,,58.68,59
668,MBI-609R-CBOM,115,78,,70,,,62.29,62
669,MBI-609S-CBOM,120,80,,70,,,66.66,67
670,MCU-2-CBOM,50,40,,20,,,13.88,14
671,MCU-3-CBOM,105,30,25,25,,,21.87,22
672,MCU-4-CBOM,50,45,,20,,,15.62,16
673,MCU-5-CBOM,50,45,,20,,,15.62,16
674,MCU-7-CBOM,42,40,,16,,,11.66,12
675,MCU-8-CBOM,50,42,,20,,,14.58,15
676,MINI MALMO 3 G3  06I,80,72,,50,,,40,40
677,MINI MALMO 3 G3 GONDOLE,72,48,,30,,,24,24
678,Mini Malmo 4 G3 08M,102,58,,55,,,41.08,41
679,Mini Malmo 4 G3 12M,162,72,,85,,,81,81
680,Mini Malmo 4 G3 Gondole,56,34,,20,,,13.22,13
681,NFO-4R-CBOM,56,45,,20,,,17.5,18
682,NFO-6R-CBOM,80,48,,35,,,26.66,27
683,NFO-8R-CBOM,100,48,,40,,,33.33,33
684,O25UM12,148,48,48,50,12',Multi-Deck Merchandiser (Deli/Dairy/Meat/Produce/Seafood),49.33,49
685,O25UM4,51,48,16,17,4',Multi-Deck Merchandiser (Deli/Dairy/Meat/Produce/Seafood),17,17
686,SB-306S-AntipastoBar-7673-CBOM,84,48,,30,,,28,28
687,SB-306S-Antipastol,84,48,,30,,,28,28
688,SB-308,90,48,30,30,,,30,30
689,SB-310R,130,50,,50,10',10' remote self-service salsa/olive bar,45.13,45
690,SB-314R,190,43,,65,,Specialty Case,56.73,57
691,SB-6R-CBOM,84,50,,35,,,29.16,29
692,SBI-12S/H-CBOM,152,75,,85,,,79.16,79
693,SBI-12S-CBOM,152,75,,85,,,79.16,79
694,SBI-13S-CBOM,175,65,,80,,,78.99,79
695,SBI-14R/H-CBOM,180,80,,120,,,100,100
696,SBI-14R-CBOM,180,75,,100,,,93.75,94
697,SBI-20R/H-CBOM,250,75,,135,,,130.2,130
698,SBI-406H,164,76,90,90,,,86.55,87
699,SBI-406H-Chicken-7580-CBOM,164,76,90,90,,,86.55,87
700,SBI-407H,105,50,40,40,,,36.45,36
701,SBI-408H,105,56,45,45,,,40.83,41
702,SBI-408H-CHICKEN-7580-CBOM,105,60,45,45,,,43.75,44
703,SBI-408H-Soup-7580-CBOM,105,56,45,45,,,40.83,41
704,SBI-416SC,210,50,,80,,,72.91,73
705,SBI-7R-CBOM,105,50,,40,,,36.45,36
706,SBI-7S-CBOM,90,75,50,50,,,46.87,47
707,SBI-8H-CBOM,105,56,45,45,,,40.83,41
708,SBI-9S-CBOM,90,65,45,45,,,40.62,41
709,SGM-12R-CBOM,60,152,70,70,12',Specialty Case,63.33,63
710,SGM-8R-CBOM,60,105,50,50,8',Specialty Case,43.75,44
711,SGMO-12R,60,152,70,70,12',Specialty Case,63.33,63
712,SGMO-12R Service Deli,0,0,,0,,,,
713,SGMO-8R,60,105,50,50,8',Specialty Case,43.75,44
714,SSAM12,148,48,55,55,,12' Specialty meat Case,49.33,49
715,SSAM-12RG-CBOM,152,60,70,70,,,63.33,63
716,SSAM8,110,48,40,40,,8' Specialty meat cast,36.66,37
717,SSAM-8RG-CBOM,105,60,50,50,,,43.75,44
718,SSD-4R-LT-F-CBOM,56,50,25,25,,,19.44,19
719,SSFM-12RG-CBOM,152,50,,55,,,52.77,53
720,Tango 2 Door,58,32,,15,,,12.88,13
721,Tango 3 Door,82,32,,25,,,18.22,18
722,Tango 4 Door,106,32,,30,,,23.55,24
723,TANGO KW 125 COMPACT,58,32,,15,,,12.88,13
724,TANGO KW 188 COMPACT,82,32,,25,,,18.22,18
725,TANGO KW 250 COMPACT,106,32,,30,,,23.55,24
726,Tangor 12,155,42,,55,,,45.2,45
727,Tangor 6,82,42,,30,,,23.91,24
728,Tangor 8,107,42,,35,,,31.2,31
729,Trattoria 12,155,53,,55,,,57.04,57
730,Trattoria 4,70,42,,25,,,20.41,20
731,Trattoria 6,82,53,,30,,,30.18,30
732,Trattoria 8,107,53,,35,,,39.38,39
733,TY4ECRC,192,72,,100,,,96,96
734,Valzer KW 2P,63,36,,20,,,15.75,16
735,VALZER KW 2P INT.BLACK EXT.COL.,63,36,,20,,,15.75,16
736,VALZER KW 2P INT.WHITE EXT.COL.,63,36,,20,,,15.75,16
737,Valzer KW 3P,90,36,,30,,,22.5,22
738,VALZER KW 3P INT.BLACK EXT.COL.,90,36,,30,,,22.5,22
739,Valzer KW 4P,117,36,,40,,,29.25,29
740,VALZER KW 4P INT.BLACK EXT.COL.,117,36,,40,,,29.25,29
741,VISION P85 H150 04M UI R290,51,34,,15,,,12.04,12
742,VISION P85 H205 04M UI R290,51,34,,15,,,12.04,12
743,VISION P85 H205 06M UI R290,76,34,,20,,,17.94,18
744,VISION P85 H205 08M UI R290,100,34,,26,,,23.61,24
745,VISION P85 H205 BT 06M UI R290,76,34,,20,,,17.94,18
746,VISION P85 H205 DOORS 04M UI R290,51,34,,15,,,12.04,12
747,VISION P85 H205 DOORS 06M UI R290,76,34,,20,,,17.94,18
748,VISION P85 H205 DOORS 08M UI R290,100,34,,26,,,23.61,24
749,VNRB12,155,48,55,55,12',,51.66,52
750,VNRB2,55,48,25,25,,,18.33,18
751,VNRB3,96,48,,36,,,32,32
752,VNRB4,124,48,45,45,,4 door cooler,41.33,41
753,VNRB5,155,48,55,55,,,51.66,52
754,VNRB8,96,48,36,36,8',,32,32
755,VNRZ2,60,48,,25,,,20,20
756,VNRZ3,96,48,40,40,,,32,32
757,VNRZ4,124,48,45,45,,4 door cooler,41.33,41
758,VRB12,155,48,55,55,12',12' Glass Door Cooler,51.66,52
759,VRB4,52,48,20,20,4',4' CASE,17.33,17
760,VRB5,155,48,,55,,,51.66,52
761,VRB8,102,48,36,45,8',8' Glass door Cooler,34,34
762,VRBDX12,155,48,55,55,12',12' Glass Door Cooler,51.66,52
763,VRBDX8,96,48,36,36,8',8' Glass door Cooler,32,32
764,VRBH12,155,48,55,55,12',12' Glass Door Cooler,51.66,52
765,VRBH8,102,48,36,45,8',8' Glass door Cooler,34,34
766,VRBHDX12,155,48,55,55,12',12' Glass Door Cooler,51.66,52
767,VRBHDX8,96,48,36,36,8',8' Glass door Cooler,32,32
768,XRBH12,155,48,55,55,12',12' Glass Door Cooler,51.66,52
769,XRBHPV12,155,48,52,52,12',12' 5 door case,51.66,52
770,XRBHPV8,125,48,42,42,8',8' 4 door case,41.66,42
